customer_id,name,email,country
1,April Clark,bernardjennifer@gmail.com,Guadeloupe
2,Kenneth King,michaelbaker@bates.org,Bhutan
3,David Butler,robert40@yahoo.com,Hungary
4,Roger Espinoza,colleenanderson@gmail.com,Macao
5,Erin Ramirez,spenceregina@gmail.com,Norfolk Island
6,Monique Bennett,marquezbrooke@gmail.com,Croatia
7,Deborah Powell,michaelmartinez@yahoo.com,French Polynesia
8,John Kerr,tyler64@hotmail.com,Mozambique
9,Trevor Smith,willisalicia@howard-miller.net,Vanuatu
10,Jonathan Martin,wweeks@sanchez.biz,Indonesia
11,Tanya Nelson,mgraham@yahoo.com,Zimbabwe
12,Timothy James,efox@parker.com,Zimbabwe
13,Leslie Watson,patrick86@gmail.com,Mongolia
14,Nathan Barnett,andrecain@harrell-stone.info,Kyrgyz Republic
15,Tiffany Lewis,katrina76@yahoo.com,Bouvet Island (Bouvetoya)
16,Brenda Burns,kwright@leonard.com,Mexico
17,Angela Thomas,evannash@hotmail.com,Saint Pierre and Miquelon
18,Mrs. Leslie Hull PhD,victoriamckay@yahoo.com,Zambia
19,Christopher Lawson,williamssteven@bradley.com,Dominica
20,Angela Garrett,tony00@yahoo.com,Guadeloupe
21,Nathan Yoder,heather84@valdez.org,Qatar
22,Shannon Brandt,jason09@hotmail.com,El Salvador
23,Ashley Hill,cruzlonnie@allen.info,Somalia
24,Bryan Owens,john57@medina.com,Falkland Islands (Malvinas)
25,Jonathan Miller,rjones@jones.com,Grenada
26,Debra Fox,tsmall@thompson.com,Poland
27,Victoria Knapp,lancemartinez@hotmail.com,Chad
28,Gary Newman,greenjoseph@yahoo.com,United Arab Emirates
29,Abigail Herring,cherylcarrillo@reed-wilkinson.com,Bangladesh
30,Natalie Medina,duranlouis@anderson.info,Ethiopia
31,Eric Steele,allison39@frey-smith.com,Tunisia
32,Catherine Gray,bryanbanks@reynolds.com,Timor-Leste
33,Stephanie Garcia,jessica40@fernandez-harrell.org,Bosnia and Herzegovina
34,Kimberly Bryant,richard00@gmail.com,Austria
35,Stephen Dodson,martha77@flores.info,Sri Lanka
36,Darlene Kelly,alex65@mann-rhodes.com,Senegal
37,Martin Bennett,beckyruiz@walsh.com,Cuba
38,Steven Parker,josephcosta@boyd.com,Pakistan
39,Zachary Saunders,scott08@hotmail.com,Bosnia and Herzegovina
40,David Kelley,yrivera@simmons.info,Slovakia (Slovak Republic)
41,Roger Johnson,regina16@stephens.com,Pitcairn Islands
42,Eric Gross,rebecca28@johnson.org,Guatemala
43,Henry Little,staceyliu@gmail.com,Russian Federation
44,Jamie Williams,amycook@klein.com,Burundi
45,Michael Nelson,jessica17@murphy.biz,Wallis and Futuna
46,Mariah Sutton,deanna60@gmail.com,Philippines
47,Jessica Guerra,kmontoya@gmail.com,Antigua and Barbuda
48,Jacqueline Skinner,abrewer@rodriguez-wilson.com,Cuba
49,Morgan Hernandez,joshuawilliamson@yahoo.com,Croatia
50,Jessica Davis,josephmccarty@hotmail.com,Guam
51,Matthew Fisher,brice@clark-harris.com,France
52,Jennifer Hurst,athornton@hotmail.com,Christmas Island
53,Angel Wilkins,msanchez@mercado-crawford.com,Sri Lanka
54,Michelle Sanders,wboyer@yahoo.com,Luxembourg
55,Lori Pace,brianna76@davis-green.com,Montenegro
56,Ashley Hernandez,ytran@hotmail.com,Guyana
57,Tiffany Jones,zhansen@yahoo.com,Greenland
58,Curtis Meyer,cantrelltroy@johnson.biz,Belize
59,Amy Perez,zachary15@gmail.com,Andorra
60,Tyler Holmes,debbiemyers@hotmail.com,Madagascar
61,Kristin Pacheco,ericsmith@yahoo.com,Cameroon
62,Jennifer Bean,vward@yahoo.com,Burkina Faso
63,Christina Pineda,browningdavid@carter.com,Madagascar
64,Jeremy White,bboyd@hotmail.com,Nepal
65,Dawn Mccarthy,ogreen@conner.com,Heard Island and McDonald Islands
66,Catherine Martin,jessica63@oliver.biz,Bahamas
67,Jordan Richard,brownmelanie@gmail.com,Comoros
68,Shelly Greene,cruzpeter@williams.com,Macedonia
69,John Cuevas,chelseabuchanan@yahoo.com,Estonia
70,Joseph Bernard,darlene06@hotmail.com,Jordan
71,Melissa Cruz,carolanderson@robinson.com,Malta
72,Patrick Kent,johnthomas@hotmail.com,Slovakia (Slovak Republic)
73,Robert Brown,ronald77@gmail.com,French Southern Territories
74,Tiffany Cox,fbates@hotmail.com,Korea
75,Kim Moore,knappandrew@kennedy.biz,Saint Martin
76,Jason Craig,ryangarcia@chavez.net,New Zealand
77,Michael Lane,jasmine63@blake.info,Paraguay
78,Wendy Patel,zcannon@andrews.com,Trinidad and Tobago
79,Ricardo Thompson,iclark@hotmail.com,Antarctica (the territory South of 60 deg S)
80,Nancy Ayers,richardspriscilla@hotmail.com,Saint Martin
81,Daniel Merritt,gina93@keller.com,Montserrat
82,Brittany Lane,dana38@simmons-peterson.biz,Nigeria
83,Lisa Garcia,oowens@miller.com,Cape Verde
84,Daniel Johnson,amyhart@hotmail.com,Kiribati
85,Charles Murphy,urobertson@hotmail.com,Pitcairn Islands
86,Matthew Haas,pauljoyce@hotmail.com,Slovenia
87,Stephen Green,opatrick@parrish.com,Angola
88,Antonio Cooper,muellermichael@leonard.com,Saint Helena
89,Margaret Silva,gonzaleskimberly@king.org,South Africa
90,Justin Shepard,hsanchez@munoz.com,Guatemala
91,Courtney Wilson,mccartybrenda@becker.com,Denmark
92,Theresa Tran,christinejackson@hotmail.com,Monaco
93,Anita Bennett,rodneysoto@wright.com,Qatar
94,Victor Silva,kimberly38@clark-copeland.net,Wallis and Futuna
95,Mrs. Brenda Wells,kgreene@davis-taylor.biz,Equatorial Guinea
96,Cheryl Phillips,ybarnes@riggs.com,Honduras
97,Robert Jordan,curtisduarte@yahoo.com,Wallis and Futuna
98,Henry Mccall,eric43@hotmail.com,Guinea-Bissau
99,Katie Underwood,timothy23@evans-booker.com,Saint Kitts and Nevis
100,Jeremy Ford,ericthompson@gmail.com,Jersey
